{
  "label": "inversion_MI_field000_mod",
  "inv_npz": "inversion_MI_field000_mod.npz",
  "Nc": 6415,
  "lambda_depth": 0.0,
  "mae_log10": 0.2807929481852108,
  "rmse_log10": 0.3374369078051106,
  "bias_log10": 0.00569878064492234,
  "pearson_log10": 0.8950479547147677,
  "spearman_log10": 0.951919717467117,
  "mae_linear": 238.7113881633647,
  "rmse_linear": 452.79146362244825,
  "mae_relative_percent": 73.1396958479791,
  "rmse_relative_percent": 99.66623676722958
}