label,source,field_idx,Nc,lambda_depth,mae_log10,rmse_log10,bias_log10,pearson_log10,spearman_log10,mae_linear,rmse_linear,mae_relative_percent,rmse_relative_percent
field000,WENNER,0,6415,0.0,0.37785732936052874,0.4851529357450435,-0.13799152216077987,0.788212428112231,0.8579167886737783,295.9589205790198,557.710736795652,70.75577980281535,85.95880273741086
field000,OTHER,0,6415,0.0,0.2907977900692643,0.34927189432561917,-0.006126742273376649,0.8881625830134993,0.9468532152117484,246.2399829335881,464.10602063184103,73.72032075187097,99.39190416855028
field002,WENNER,2,6415,0.0,0.17766682456957453,0.2771260467794816,-0.031008573944104514,0.6896195010246662,0.7248237893665469,106.71909279537127,167.66491132681708,59.10626668400042,186.47689045339263
field002,OTHER,2,6415,0.0,0.18377711403407493,0.2748550705817765,-0.038850790124251675,0.6983726932568971,0.6893858129168176,110.99950080012506,171.90337575366033,49.842428990145834,125.33692073276525
