{
  "label": "inversion_LCB_field000_k1",
  "inv_npz": "inversion_LCB_field000_k1.npz",
  "Nc": 6415,
  "lambda_depth": 0.0,
  "mae_log10": 0.359188954247808,
  "rmse_log10": 0.44693913511314703,
  "bias_log10": -0.10474874508869761,
  "pearson_log10": 0.8178701284080198,
  "spearman_log10": 0.884433377806772,
  "mae_linear": 285.7236829870551,
  "rmse_linear": 533.3149350741083,
  "mae_relative_percent": 72.90852156099183,
  "rmse_relative_percent": 89.68369939701955
}