label,inv_npz,Nc,lambda_depth,mae_log10,rmse_log10,bias_log10,pearson_log10,spearman_log10,mae_linear,rmse_linear,mae_relative_percent,rmse_relative_percent
inversion_LCB_field000_k1,inversion_LCB_field000_k1.npz,6415,0.0,0.359188954247808,0.44693913511314703,-0.10474874508869761,0.8178701284080198,0.884433377806772,285.7236829870551,533.3149350741083,72.90852156099183,89.68369939701955
inversion,..\outputs_wenner\inversion.npz,6415,0.0,0.3961430963941203,0.5175871525951885,-0.17167351511351028,0.7622568813930919,0.8275631309755911,303.2751110402492,569.7942123062863,69.2165344023449,83.45039918827905
