{
  "label": "inversion_MI_field000",
  "inv_npz": "inversion_MI_field000.npz",
  "Nc": 6415,
  "lambda_depth": 0.0,
  "mae_log10": 0.28079308348861537,
  "rmse_log10": 0.33743679429121676,
  "bias_log10": 0.005698375089287476,
  "pearson_log10": 0.8950482502247149,
  "spearman_log10": 0.9519204888328122,
  "mae_linear": 238.71152323714253,
  "rmse_linear": 452.7912700942374,
  "mae_relative_percent": 73.1396503622193,
  "rmse_relative_percent": 99.66611766628199
}