label,inv_npz,Nc,lambda_depth,mae_log10,rmse_log10,bias_log10,pearson_log10,spearman_log10,mae_linear,rmse_linear,mae_relative_percent,rmse_relative_percent
inversion_MI_field000,inversion_MI_field000.npz,6415,0.0,0.28079308348861537,0.33743679429121676,0.005698375089287476,0.8950482502247149,0.9519204888328122,238.71152323714253,452.7912700942374,73.1396503622193,99.66611766628199
inversion,..\outputs_wenner\inversion.npz,6415,0.0,0.3961430963941203,0.5175871525951885,-0.17167351511351028,0.7622568813930919,0.8275631309755911,303.2751110402492,569.7942123062863,69.2165344023449,83.45039918827905
