label,inv_npz,Nc,lambda_depth,mae_log10,rmse_log10,bias_log10,pearson_log10,spearman_log10,mae_linear,rmse_linear,mae_relative_percent,rmse_relative_percent
inversion_LCB_field000,inversion_LCB_field000.npz,6415,0.0,0.34487602496233943,0.4240885137415271,-0.08741176806614026,0.8395800929729806,0.908374301527123,279.7213264195365,521.3378964076401,72.37168530351764,89.51231657186284
inversion,..\outputs_wenner\inversion.npz,6415,0.0,0.3961430963941203,0.5175871525951885,-0.17167351511351028,0.7622568813930919,0.8275631309755911,303.2751110402492,569.7942123062863,69.2165344023449,83.45039918827905
