label,inv_npz,Nc,lambda_depth,mae_log10,rmse_log10,bias_log10,pearson_log10,spearman_log10,mae_linear,rmse_linear,mae_relative_percent,rmse_relative_percent
inversion_MI_field000_mod,inversion_MI_field000_mod.npz,6415,0.0,0.2807929481852108,0.3374369078051106,0.00569878064492234,0.8950479547147677,0.951919717467117,238.7113881633647,452.79146362244825,73.1396958479791,99.66623676722958
inversion,..\outputs_wenner\inversion.npz,6415,0.0,0.3961430963941203,0.5175871525951885,-0.17167351511351028,0.7622568813930919,0.8275631309755911,303.2751110402492,569.7942123062863,69.2165344023449,83.45039918827905
