label,inv_npz,Nc,lambda_depth,mae_log10,rmse_log10,bias_log10,pearson_log10,spearman_log10,mae_linear,rmse_linear,mae_relative_percent,rmse_relative_percent
inversion_UCB_field000_k1,inversion_UCB_field000_k1.npz,6415,0.0,0.4409937407613939,0.5657708121348743,-0.2082790649287058,0.7285422412880491,0.8627981771529952,314.974966915446,581.776410140743,75.40774142643257,94.07677177394733
inversion,..\outputs_wenner\inversion.npz,6415,0.0,0.3961430963941203,0.5175871525951885,-0.17167351511351028,0.7622568813930919,0.8275631309755911,303.2751110402492,569.7942123062863,69.2165344023449,83.45039918827905
